{
    "name": "Ambulatory Medical or Surgical Center",
    "displayName": "Ambulatory Medical or Surgical Center",
    "fields": [
        {
            "title": "Ambulatory Medical or Surgical Center Limit",
            "type": "select",
            "values": [
                "Unlimited"
            ],
            "name": "ambulatory_medical_limit",
            "optional": true
        }
    ],
    "indemnityPerItem": "50000",
    "indemnityPerEvent": "100000",
    "indemnityInAggregate": "100000",
    "deductible": "1000",
    "lumpSumPayment": "0"
}