{
    "name": "Inpatient Private-Semi Private Room",
    "displayName": "Inpatient Private-Semi Private Room",
    "fields": [
        {
            "title": "Inpatient Private,Semi-Private Room Limit",
            "type": "select",
            "values": [
                "Unlimited"
            ],
            "name": "semi_private_room_limit",
            "optional": true
        }
    ],
    "indemnityPerItem": "50000",
    "indemnityPerEvent": "100000",
    "indemnityInAggregate": "100000",
    "deductible": "1000",
    "lumpSumPayment": "0"
}