{
    "name": "Inpatient ICU-CCU",
    "displayName": "Inpatient ICU-CCU",
    "fields": [
        {
            "title": "Inpatient ICU CCU Limit",
            "type": "select",
            "values": [
                "Unlimited"
            ],
            "name": "inpatient_ICUCCU_Limit",
            "optional": true
        }
    ],
    "indemnityPerItem": "50000",
    "indemnityPerEvent": "100000",
    "indemnityInAggregate": "100000",
    "deductible": "1000",
    "lumpSumPayment": "0"
}