{
    "name": "Office Visits",
    "displayName": "Office Visits",
    "fields": [
        {
            "title": "Office Visits Limit",
            "type": "select",
            "values": [
                "Unlimited"
            ],
            "name": "office_visits_limit",
            "optional": true
        }
    ],
    "indemnityPerItem": "50000",
    "indemnityPerEvent": "100000",
    "indemnityInAggregate": "100000",
    "deductible": "1000",
    "lumpSumPayment": "0"
}