{
    "name": "Location",
    "displayName": "Location",
    "fields": [
        {
            "title": "ID",
            "name": "Id",
            "type": "string",
            "optional": true
        },
        {
            "title": "Parent ID",
            "name": "ParentId",
            "type": "string",
            "optional": true
        },
        {
            "title": "Address Line 1",
            "name": "Sport_address_line_1",
            "type": "string",
            "optional": true
        },
        {
            "title": "Address Line 2",
            "name": "sport_address_line_2",
            "type": "string",
            "optional": true
        },
        {
            "title": "Zip Code",
            "name": "sport_zip_code",
            "type": "string",
            "optional": true,
            "regex": "^([0-9]{5})*$"
        },
        {
            "title": "County",
            "name": "sport_county",
            "type": "string",
            "optional": true
        },
        {
            "title": "City",
            "name": "sport_city",
            "type": "string",
            "optional": true
        },
        {
            "title": "State",
            "type": "lookup",
            "table": "states_dl",
            "name": "sport_state",
            "optional":true
        },
        {
            "title": "Location Identifier",
            "name": "location_identifier",
            "type": "string",
            "optional": true
        }
    ]
}