{
    "name": "Silks",
    "displayName": "Silks",
    "fields": [
        {
            "title": "Height in feet",
            "name": "silks_height",
            "type": "number",
            "optional": true
        },
        {
            "title": "Count",
            "name": "count_silks",
            "type": "number",
            "optional": true
        }
    ],
    "indemnityPerItem": "50000",
    "indemnityPerEvent": "100000",
    "indemnityInAggregate": "100000",
    "deductible": "1000",
    "lumpSumPayment": "0"
}