{
  "name": "Deductible Coverage",
  "displayName": "Deductible Coverage",
  "fields": [
    {
      "title": "Deductible Limit",
      "type": "select",
      "values": [
        "$0",
        "$1,000",
        "$2,500",
        "$5,000",
        "$10,000"
      ],
      "name": "deductible",
      "optional": true
    }
  ],
  "indemnityPerItem": "50000",
  "indemnityPerEvent": "100000",
  "indemnityInAggregate": "100000",
  "deductible": "1000",
  "lumpSumPayment": "0"
}