{
    "name": "Each Occurrence Coverage",
    "displayName": "Each Occurrence Coverage",
    "fields": [
        {
            "title": "Each Occurrence Limit",
            "type": "select",
            "values": [
                "$1,000,000",
                "$1,500,000",
                "$2,000,000",
                "$3,000,000",
                "$4,000,000",
                "$5,000,000",
                "$6,000,000",
                "$10,000,000"
            ],
            "name": "each_occurrence_coverage_limit",
            "optional": true
        }
    ],
    "indemnityPerItem": "50000",
    "indemnityPerEvent": "100000",
    "indemnityInAggregate": "100000",
    "deductible": "1000",
    "lumpSumPayment": "0"
}