{"name":"Employee Benefits","displayName":"Employee Benefits","fields":[{"title":"No. Of Employees","name":"no_of_employees","type":"number","optional":true},{"title":"Employees Benefits Per Occ/Agg Limit","type":"select","values":["$1,000,000"],"name":"employees_benefits_limit_per_agg","optional":true},{"title":"Employees Benefits Limit Per Agg","name":"employees_benefits_limit","type":"number","optional":true}],"indemnityPerItem":"50000","indemnityPerEvent":"100000","indemnityInAggregate":"100000","deductible":"1000","lumpSumPayment":"0"}