{"name":"Liquor Liability","displayName":"Liquor Liability","fields":[{"title":"Liquor Liability Limit per Occ/Agg","name":"liquor_liablity_limit","type":"number","optional":true},{"title":"Liquor Liability Limit per Aggregate","name":"liquor_liablity_per_occ","type":"select","values":["$1,000,000 / $1,000,000"],"optional":true},{"title":"Liquor Liability Exposure","name":"liquor_liablity_agg","type":"number","optional":true}],"indemnityPerItem":"50000","indemnityPerEvent":"100000","indemnityInAggregate":"100000","deductible":"1000","lumpSumPayment":"0"}