{
    "name": "Products and Completed Operations",
    "displayName": "Products and Completed Operations",
    "fields": [
        {
            "title": "Products and Completed Operations Limit",
            "name": "prod_comp_limit",
            "type": "select",
            "values": [
                "$1,000,000",
                "$2,000,000",
                "$3,000,000"
            ],
            "optional": true
        }
    ],
    "indemnityPerItem": "50000",
    "indemnityPerEvent": "100000",
    "indemnityInAggregate": "100000",
    "deductible": "1000",
    "lumpSumPayment": "0"
}