{
    "name": "Tanning Beds",
    "displayName": "Tanning Beds",
    "fields": [
        {
            "title": "Tanning Beds Limit",
            "name": "tanning_beds_limit",
            "type": "select",
            "values": ["$100,000/$100,000","$1,000,000/$1,000,000"],
            "optional": true
        },
        {
            "title": "No. of Tanning Beds",
            "name": "no_of_tanning_beds",
            "type": "number",
            "optional": true
        }
    ],
    "indemnityPerItem": "50000",
    "indemnityPerEvent": "100000",
    "indemnityInAggregate": "100000",
    "deductible": "1000",
    "lumpSumPayment": "0"
}