{
  "name": "Traverse Or Climbing Walls",
  "displayName": "Traverse Or Climbing Walls",
  "fields": [
    {
      "title": "No. Of Traverse Climbing Wall Upto 10 Feet",
      "name": "traverse_upto_10",
      "type": "number",
      "optional": true
    },
    {
      "title": "No. Of Traverse Climbing Wall Between 10.1-20 Feet",
      "name": "traverse_between_10_and_20",
      "type": "number",
      "optional": true
    },
    {
      "title": "No. Of Traverse Climbing Wall Over 20.1 Feet",
      "name": "traverse_over_20",
      "type": "number",
      "optional": true
    }
  ],
  "indemnityPerItem": "50000",
  "indemnityPerEvent": "100000",
  "indemnityInAggregate": "100000",
  "deductible": "1000",
  "lumpSumPayment": "0"
}