{
    "name": "Camp Clinic Event - Youth",
    "displayName": "Camp Clinic Event - Youth",
    "fields": [
        {
            "title": "Day or Overnight",
            "name": "young_day_or_overnight",
            "type": "string",
            "optional": true
        },
        {
            "title": "No. of Days/Overnight",
            "name": "young_no_of_days",
            "type": "number",
            "optional": true
        },
        {
            "title": "No. Of Participants",
            "name": "young_no_of_participants",
            "type": "number",
            "optional": true
        }
    ],
    "indemnityPerItem": "50000",
    "indemnityPerEvent": "100000",
    "indemnityInAggregate": "100000",
    "deductible": "1000",
    "lumpSumPayment": "0"
}