{
    "name": "Classification",
    "displayName": "Classification",
    "fields": [{
            "title": "ID",
            "name": "Id",
            "type": "string",
            "optional": true
        },
        {
            "title": "Parent ID",
            "name": "ParentId",
            "type": "string",
            "optional": true
        },
        {
			"title": "Is this a Sport or a Camp/Event?",
			"name": "camp_or_sport",
			"type": "select",
			"values": [
				"Sport",
				"Camp/Event"
			],
			"optional": true
		},
        {
            "title": "Sport Played",
            "type": "select",
            "name": "sport_played",
            "values": [
                "Academics",
                "Acrobatics (define)",
                "Aerobics",
                "Aerial Acrobatics (20+ ft)",
                "Aerial Silks (workout)",
                "Aerial Yoga",
                "Archery",
                "Avalanche awareness education - classroom work",
                "Avalanche awareness education - field work",
                "Backpacking",
                "Badminton",
                "Ballet (12 and under)",
                "Ballet (13 to 18)",
                "Band/Music - Schools & Lessons",
                "Band - Sporting Events",
                "Baseball",
                "Basketball",
                "Basketball - Wheelchair",
                "Baton Twirling",
                "Billiards",
                "Bird Watching",
                "BMX",
                "Bocce",
                "Bodybuilding",
                "Bodyboarding",
                "Bouldering",
                "Bowling",
                "Bowling - Lawn",
                "Boxing (Head Gear is Needed) Training, Shadow & Light Touch Formats ONLY",
                "Broom Ball",
                "Canoeing",
                "Cheerleading",
                "Climbing Gyms",
                "Climbing Walls",
                "Camping",
                "Coaches/Trainers/Umpires/Officials",
                "Color Guard",
                "Cricket",
                "Cross-fit",
                "CrossFit demonstrations or competitions",
                "Curling",
                "Cycling - Road - Includes - Assisted, E-Bike or Electric",
                "Cycling - Closed Course & Veledromes - Includes- Assisted, E-Bike or Electric",
                "Cycling - Gravel Bikes - Includes - Assisted, E-Bike or Electric",
                "Cyclo-Cross - Includes - Assisted, E-Bike or Electric",
                "Dance",
                "Darts",
                "Disc Golf",
                "Diving",
                "Dodgeball",
                "Drama",
                "Dragon Boat",
                "Fencing",
                "Figure Skating",
                "Fishing",
                "Fitness (classes)",
                "Health & Fitness (Facilities)",
                "Football - Flag",
                "Football - Touch",
                "Football - Tackle 12 & Under",
                "Football - Tackle 13 - 15",
                "Football - Tackle 16 - 18",
                "Futsal",
                "Gellyball",
                "Golf",
                "Gymnastics",
                "Gymnastics - Rythmic",
                "Handball",
                "Hiking",
                "Hiking - Trail Maintanence ONLY - Needs to have Hiking exposure to include.",
                "Hockey - Ball",
                "Hockey - Field",
                "Hockey - Floor",
                "Hockey - Ice",
                "Hockey - Inline",
                "Hockey - Pond",
                "Hockey - Roller",
                "Hockey - Street",
                "Horseshoes",
                "Hydro Bike- Water",
                "Kayaking",
                "Kickball",
                "Kiteboarding - IKO or PASA Certification Needed",
                "Kneeboarding",
                "Lacrosse",
                "Laser Tag",
                "Lifeguards & Lifeguarding",
                "Marathon",
                "Martial Arts - NO MMA",
                "Mixed Martial Arts - NO MMA or BJJ",
                "Mountain Biking - Downhill",
                "Mountain Biking - Trail riding, Enduro, Gravel - Includes - Assisted, E-Bike or Electric",
                "Mountain Biking - Trail Maintenance ONLY - Needs to have MTB exposure to include.",
                "Mud Runs",
                "Music/Band - Schools & Lessons",
                "Nature Viewing",
                "Nature Walks",
                "Nerf - Archery & Gun Tag",
                "Obstacle Courses",
                "Officials",
                "Orienteering",
                "Paddle Ball",
                "Paintball & Airsoft",
                "Parkour 15 and Under ONLY",
                "Pickleball",
                "Pistol",
                "Racquetball",
                "Rafting - Class 1",
                "Rafting - Class 2",
                "Rafting - Class 3",
                "Rafting - Class 4 +",
                "Rifle - Biathlon, Clay Shooting, Riflery",
                "Rock Climbing",
                "Ropes Course",
                "Rowing",
                "Rugby - 12 & Under",
                "Rugby - 13-15",
                "Rugby - 16-18",
                "Rugby - Touch",
                "Rugby - Flag",
                "Running",
                "Running - Cross Country",
                "Running - Trail",
                "Sailing",
                "Shuffle Board",
                "Singing",
                "Skateboarding",
                "Skateboarding - E-board",
                "Skateboarding - Scooter",
                "Skating - Ice (recreation)",
                "Skating - Inline",
                "Skating - Speed",
                "Skeet",
                "Ski Jumping",
                "Skiing",
                "Skiing - Cross Country",
                "Skiing - Dry Land Training Only",
                "Skiing - Heli Ski Operations",
                "Skiing - Nordic",
                "Skiing - PowderCat Operations",
                "Skiing - Roller",
                "Skiing - Telemark",
                "Skiing - Snow Kiting",
                "Skimboarding",
                "Snorkeling",
                "Snorkeling - Electric Sea Scooters",
                "Snowboarding",
                "Snowshoeing",
                "Soccer",
                "Softball",
                "Squash",
                "Stand Up Paddleboarding / SUP",
                "Strength & Conditioning - Training - Trainers (non-facility)",
                "Strongman",
                "Surfing",
                "Surfing - E-Foil",
                "Surfing - Foiling (waves)",
                "Surfing - Wing Foiling",
                "Swimming",
                "Swimming - Aquapark",
                "Swimming - open water - Lakes and oceans, large class one rivers",
                "T-ball",
                "Table Tennis",
                "Theatre",
                "Tennis",
                "Tennis - Platform",
                "Track and Field - High/Long/Triple Jump Pole Vault, Shot put, Discus, Hammer Throw, Javelin, Sprints, Hurdles, Relays, SteepleChase.",
                "Tree Climbing",
                "Triathlon - Half & Full Iron or Higher",
                "Triathlon - Olympic Distance or less (Traditional Style)",
                "Ultimate Disk",
                "Video Gaming",
                "Volleyball",
                "Volleyball - Beach",
                "Wake Boarding - Inflatables EXCLUDED",
                "Wake Boarding - Cable Park to include KneeBoarding- Inflatables EXCLUDED",
                "Wakeskating - Inflatables EXCLUDED",
                "Wake Skating - Cable Park to include KneeBoarding- Inflatables EXCLUDED",
                "Wakesurfing- Inflatables EXCLUDED",
                "Wakesurfing - Cable Park to include KneeBoarding- Inflatables EXCLUDED",
                "Walking",
                "Water Park",
                "Water Polo",
                "Waterskiing - Inflatables EXCLUDED",
                "Waterskiing - Cable Park to include KneeBoarding - Inflatables EXCLUDED",
                "Weightlifting",
                "Wiffle Ball",
                "Wildlife Viewing",
                "Wind Surfing",
                "Wrestling- Greco Roman, Folkstyle, Freestyle",
                "Yoga/Pilates",
                "Zip Line",
                "Zumba"
            ],
            "optional": true
        },
        {
            "title": "Number of Players of age 12 & Under",
            "name": "players_under_12",
            "type": "number",
            "optional": true
        },
        {
            "title": "Number of Players of age 13 to 15.",
            "name": "players_between_13_to_15",
            "type": "number",
            "optional": true
        },
        {
            "title": "Number of Players of age 16 to 18",
            "name": "players_between_16_to_18",
            "type": "number",
            "optional": true
        },
        {
            "title": "Number of Players of age 19 and above",
            "name": "players_above_19",
            "type": "number",
            "optional": true
        },
        {
            "title": "Number Of Managers, Coaches, Referees and Officials",
            "name": "no_of_managers_coaches_etc",
            "type": "number",
            "optional": true
        },
        {
            "title": "Sport Group",
            "name": "sport_group",
            "type": "number",
            "optional": true
        },
        {
            "title": "Group Rate",
            "name": "group_rate",
            "type": "string",
            "optional": true
        },
        {
            "title": "Coaches Rate",
            "name": "coaches_rate",
            "type": "string",
            "optional": true
        },
        {
            "title": "Is a sport for Non-Profit ?",
            "name": "sport_for_non_profit",
            "type": "string",
            "optional": true
        },
        {

            "title": "Class Code no.",
            "name": "class_code",
            "type": "string",
            "optional": true

        },
        {

            "title": "Class Code Description",
            "name": "class_code_description",
            "type": "string",
            "optional": true

        },
        {
			"title": "Participant Type",
			"name": "participant_type",
			"type": "select",
			"values": [
				"Adult",
				"Youth",
                "Coaches"
			],
			"optional": true
		},
        {
			"title": "Day or Overnight",
			"name": "day_or_overnight",
			"type": "select",
			"values": [
				"Day",
				"Overnight"
			],
			"optional": true
		},
        {
            "title": "No. of Days/Overnight",
            "name": "no_of_days",
            "type": "string",
            "optional": true
        },
        {
            "title": "No. of Participants",
            "name": "no_of_participants",
            "type": "string",
            "optional": true
        },
        {
            "title": "Location Identifier",
            "name": "location_identifier",
            "type": "string",
            "optional": true
        }
    ]
}