key,value
ALABAMA,0.04906
ALASKA,0.027
ARIZONA,0.02375
ARKANSAS,0.03
CALIFORNIA,0.0235
COLORADO,0.02
CONNECTICUT,0.0175
DELAWARE,0.02
DISTRICT  OF COLUMBIA,0.0174
FLORIDA,0.01804
GEORGIA,0.04987
HAWAII,0.04265
IDAHO,0.0175
ILLINOIS,0.01766
INDIANA,0.0174
IOWA,0.0174
KANSAS,0.02239
KENTUCKY,0.07161
LOUISIANA,0.04579
MAINE,0.02
MARYLAND,0.02
MASSACHUSETTS,0.0228
MICHIGAN,0.0174
MINNESOTA,0.02156
MISSISSIPPI,0.03523
MISSOURI,0.02
MONTANA,0.0275
NEBRASKA,0.0174
NEVADA,0.035
NEW HAMPSHIRE,0.0175
NEW JERSEY,0.021
NEW MEXICO,0.03003
NEW YORK,0.02294
NORTH CAROLINA,0.02042
NORTH DAKOTA,0.0175
OHIO,0.0174
OKLAHOMA,0.02321
OREGON,0.0174
PENNSYLVANIA,0.02
RHODE ISLAND,0.02
SOUTH CAROLINA,0.03694
SOUTH DAKOTA,0.02524
TENNESSEE,0.0258
TEXAS,0.0174
UTAH,0.0226
VERMONT,0.02
VIRGINIA,0.02952
WASHINGTON,0.02
WEST VIRGINIA,0.050792
WISCONSIN,0.0174
WYOMING,0.0174
US VIRGIN ISLANDS,0.05