{
  "name": "Policy Level Coverages",
  "displayName": "Policy Level Coverages",
  "fields": [
  {
    "title": "ID",
    "name": "Id",
    "type": "string",
    "optional": true
  },
  {
    "title": "Parent ID",
    "name": "ParentId",
    "type": "string",
    "optional": true
  },
  {
    "title": "Are any of the applicant’s players compensated / paid to participate in the sports organization?",
    "name": "players_compensated",
    "type": "select",
    "values": [
      "Yes",
      "No"
    ],
    "heading": "Underwriting Questions",
    "optional": true
  },
  {
    "title": "Is the applicant’s organization sanctioned by a school?",
    "name": "sanctioned_by_school",
    "type": "select",
    "values": [
      "Yes",
      "No"
    ],
    "optional": true
  },
  {
    "title": "Do any activities take place on a residential property?",
    "name": "activity_on_residential_property",
    "type": "select",
    "values": [
      "Yes",
      "No"
    ],
    "optional": true
  },
  {
    "title": "Do any activities take place at a pool that the applicant owns, operates, leases or manages?",
    "name": "activity_at_pool",
    "type": "select",
    "values": [
      "Yes",
      "No"
    ],
    "optional": true
  },
  {
    "title": "Does applicant own, operate or manage a facility?",
    "name": "applicant_own_operate_facility",
    "type": "select",
    "values": [
      "Yes",
      "No"
    ],
    "optional": true
  },
  {
    "title": "Do you inspect or provide guidance around inspection of the following? a.Bleachers b.Goal safety c.Field Maintenance including clean-up of equipment and debris",
    "name": "provide_guidance",
    "type": "select",
    "values": [
      "Yes",
      "No"
    ],
    "optional": true
  },
  {
    "title": "Does applicant maintain camera recordings of premises, both inside and outside?",
    "name": "camera_recordings",
    "type": "select",
    "values": [
      "Yes",
      "No"
    ],
    "optional": true
  },
  {
    "title": " Does applicant allow 24 hour access?",
    "name": "twenty_four_access",
    "type": "select",
    "values": [
      "Yes",
      "No"
    ],
    "optional": true
  },
  {
    "title": "Is the facility staffed during those hours?",
    "name": "facility_staffed",
    "type": "select",
    "values": [
      "Yes",
      "No"
    ],
    "optional": true
  },
  {
    "title": "Does applicant offer child watch or day care services?",
    "name": "day_care_service",
    "type": "select",
    "values": [
      "Yes",
      "No"
    ],
    "optional": true
  },
  {
    "title": "What is the adult to child ratio for supervison?",
    "name": "adult_to_child_ratio",
    "type": "select",
    "values": [
      "1 to 3",
      "1 to 4",
      "1 to 5",
      "1 to 6",
      "1 or more"
    ],
    "optional": true
  },
  {
    "title": "Is the minimum age limit over 8 months?",
    "name": "minimum_age_limit",
    "type": "select",
    "values": [
      "Yes",
      "No"
    ],
    "optional": true
  },
  {
    "title": "Do you have retail receipts?",
    "name": "have_retail_receipts",
    "type": "select",
    "values": [
      "Yes",
      "No"
    ],
    "optional": true
  },
  {
    "title": "Applicant distributes a written concussion awareness policy (i.e. CDC’s HEADS UP) to coaches, parents, and players?",
    "name": "concussion_awareness_policy",
    "type": "select",
    "values": [
      "Yes",
      "No"
    ],
    "optional": true
  },
  {
    "title": "If a possible concussion has occurred.  Applicant immediately removes the athlete from play or practice.",
    "name": "concussion_occured",
    "type": "select",
    "values": [
      "Yes",
      "No"
    ],
    "optional": true
  },
  {
    "title": " Applicants concussion policy requires a medical doctor’s release prior to the child returning to play after a suspected concussion?",
    "name": "medical_doctor_release",
    "type": "select",
    "values": [
      "Yes",
      "No"
    ],
    "optional": true
  },
  {
    "title": "Is the higher occurrence limit a contract requirement?",
    "name": "higher_occurence_limit",
    "type": "select",
    "values": [
      "Yes",
      "No"
    ],
    "optional": true
  },
  {
    "title": "Applicant organization have and enforce written standards regarding Sexual Abuse and Molestation prevention and reporting?",
    "name": "enforce_written_standards",
    "type": "select",
    "values": [
      "Yes",
      "No"
    ],
    "optional": true
  },
  {
    "title": "Applicant organization conduct criminal background checks on all coaches and staff members?",
    "name": "criminal_back_ground_check",
    "type": "select",
    "values": [
      "Yes",
      "No"
    ],
    "optional": true
  },
  {
    "title": "Applicant has never had an incident which resulted in an allegation of sexual abuse?",
    "name": "allegation_of_sexual_abuse",
    "type": "select",
    "values": [
      "Yes",
      "No"
    ],
    "optional": true
  },
  {
    "title": "Is there a formal training program in place for abuse and anti-bullying?",
    "name": "formal_training_program",
    "type": "select",
    "values": [
      "Yes",
      "No"
    ],
    "optional": true
  },
  {
    "title": "Does applicant have social media policies and procedures in place, and do they call out one on one communication between coaches/trainers and athletes/participants?",
    "name": "social_media_policy",
    "type": "select",
    "values": [
      "Yes",
      "No"
    ],
    "optional": true
  },
  {
    "title": "Is it implemented?",
    "name": "is_it_implemented",
    "type": "select",
    "values": [
      "Yes",
      "No"
    ],
    "optional": true
  },
  {
    "title": "Does applicant transport players/participants?",
    "name": "transports_players",
    "type": "select",
    "values": [
      "Yes",
      "No"
    ],
    "optional": true
  },
  {
    "title": " Does Applicant provide online training/coaching/instruction?",
    "name": "online_training",
    "type": "select",
    "values": [
      "Yes",
      "No"
    ],
    "optional": true
  },
  {
    "title": "Additional Comments",
    "name": "additional_comments",
    "type": "string",
    "multiline" :true,
    "optional": true
  }]
}