{
  "name": "Additional Interest",
  "displayName": "Additional Interest",
  "fields": [
    {
        "title": "ID",
        "name": "Id",
        "type": "string",
        "optional": true
    },
    {
        "title": "Parent ID",
        "name": "ParentId",
        "type": "string",
        "optional": true
    },
    {
        "title": "Additional Insured Name",
        "name": "additional_insured_name",
        "type": "string",
        "optional": true
    },
    {
      "title": "Address Line 1",
      "name": "ad_insured_address_line_1",
      "type": "string",
      "optional": true
    },
    {
      "title": "Address Line 2",
      "name": "ad_insured_address_line_2",
      "type": "string",
      "optional": true
    },
    {
      "title": "Zip Code",
      "name": "ad_insured_zip_code",
      "type": "string",
      "optional": true,
      "regex": "^([0-9]{5})*$"
    },
    {
      "title": "City",
      "name": "ad_insured_city",
      "type": "string",
      "optional": true
    },
    {
      "title": "State",
      "name": "ad_insured_state",
      "type": "string",
      "optional": true
    },
    {
      "title": "Type of Additional Insured",
      "name": "ad_insured_type",
      "type": "select",
      "values": [
        "Additional Insured - by Written Contract",
        "Additional Named Insured",
        "Additional Insured Where Required Under Contract or Agreement (Primary Non- Contributory where Required Under Contract)",
        "Additional Insured - Where Required Under Contract or Agreement (Primary Non- Contributory)",
        "Additional Insured - Where Required Under Contract or Agreement",
        "Broad Form Named Insured",
        "Primary Insurance - Additional Insured",
        "Primary And Noncontributory - Other Insurance Condition",
        "Waiver of Subrogation"
      ],
      "optional": true
    }
  ]
}