[
  {
    "name": "name_of_the_applicant",
    "type": "string",
    "searchable": true
  },
  {
    "name": "business_start_date",
    "type": "date",
    "precision": "year",
    "minimum": "1900-01-01",
    "showCalendar": false
  },
  {
      "name": "form_of_business",
      "type": "select",
      "values": [
         "Individual",
         "Partnership",
         "Joint Venture",
         "Trust",
         "Limited Liability Company",
         "Organization, Including a corporation (but not including a partnership, Joint venture or limited liability company)"
      ]
   },
  {
    "name": "business_description",
    "type": "string",
    "searchable": true
  },
  {
    "name": "address_line_one",
    "type": "string",
    "searchable": true
  },
  {
    "name": "address_line_two",
    "type": "string",
    "searchable": true
  },
  {
    "name": "zip_code",
    "type": "string",
    "searchable": true,
    "regex": "^([0-9]{5})*$"
  },
  {
    "name": "city",
    "type": "string",
    "searchable": true
  },
    {
    "name": "state",
    "type": "string",
    "searchable": true
  },
    {
    "name": "domicile_state",
    "type": "string",
    "searchable": true
  },
    {
    "name": "is_mailing_address_same",
    "type": "select",
    "values": [
      "Yes",
      "No"
    ]
  },
  {
    "name": "mailing_address_line_one",
    "type": "string",
    "searchable": true
  },
  {
    "name": "mailing_address_line_two",
    "type": "string",
    "searchable": true
  },
  {
    "name": "mailing_zip_code",
    "type": "string",
    "searchable": true,
    "regex": "^([0-9]{5})*$"
  },
  {
    "name": "mailing_city",
    "type": "string",
    "searchable": true
  },
  {
    "name": "mailing_state",
    "type": "string",
    "searchable": true
  },
  {
    "name": "email",
    "type": "email",
    "searchable": true
  },
  {
    "name": "phone",
    "type": "string",
    "searchable": true,
     "regex": "^[0-9]{10}$"
  }
]