{
	"documents": [
	
		{
			"displayName": "Players Health - Master Application Template AK",
			"fileName": "PlayersHealthMasterApplicationTemplateAK.pdf",
			"templateName": "PlayersHealthMasterApplicationTemplateAK.template.liquid",
			"generatingEvent": "issue",
			"type": "pdf",
			"pageLayout": {
				"pageSize": "A4",
				 "marginLeft": 12,
				 "marginRight": 12,
				 "marginTop": 10,
				 "marginBottom":20
			 }
		},
		{
			"displayName": "Players Health - Master Application Template AL",
			"fileName": "PlayersHealthMasterApplicationTemplateAL.pdf",
			"templateName": "PlayersHealthMasterApplicationTemplateAL.template.liquid",
			"generatingEvent": "issue",
			"type": "pdf",
			"pageLayout": {
				"pageSize": "A4",
				 "marginLeft": 12,
				 "marginRight": 12,
				 "marginTop": 10,
				 "marginBottom":20
			 }
		},
		{
			"displayName": "Players Health - Master Application Template AR",
			"fileName": "PlayersHealthMasterApplicationTemplateAR.pdf",
			"templateName": "PlayersHealthMasterApplicationTemplateAR.template.liquid",
			"generatingEvent": "issue",
			"type": "pdf",
			"pageLayout": {
				"pageSize": "A4",
				 "marginLeft": 12,
				 "marginRight": 12,
				 "marginTop": 10,
				 "marginBottom":20
			 }
		},
		{
			"displayName": "Players Health - Master Application Template CO",
			"fileName": "PlayersHealthMasterApplicationTemplateCO.pdf",
			"templateName": "PlayersHealthMasterApplicationTemplateCO.template.liquid",
			"generatingEvent": "issue",
			"type": "pdf",
			"pageLayout": {
				"pageSize": "A4",
				 "marginLeft": 12,
				 "marginRight": 12,
				 "marginTop": 10,
				 "marginBottom":20
			 }
		},
		{
			"displayName": "Players Health - Master Application Template FL",
			"fileName": "PlayersHealthMasterApplicationTemplateFL.pdf",
			"templateName": "PlayersHealthMasterApplicationTemplateFL.template.liquid",
			"generatingEvent": "issue",
			"type": "pdf",
			"pageLayout": {
				"pageSize": "A4",
				 "marginLeft": 12,
				 "marginRight": 12,
				 "marginTop": 10,
				 "marginBottom":20
			 }
		},
		{
			"displayName": "Players Health - Master Application Template Generic AZ",
			"fileName": "PlayersHealthMasterApplicationTemplateGenericAZ.pdf",
			"templateName": "PlayersHealthMasterApplicationTemplateGenericAZ.template.liquid",
			"generatingEvent": "issue",
			"type": "pdf",
			"pageLayout": {
				"pageSize": "A4",
				 "marginLeft": 12,
				 "marginRight": 12,
				 "marginTop": 10,
				 "marginBottom":20
			 }
		},
	
		{
			"displayName": "Players Health - Master Application Template KS",
			"fileName": "PlayersHealthMasterApplicationTemplateKS.pdf",
			"templateName": "PlayersHealthMasterApplicationTemplateKS.template.liquid",
			"generatingEvent": "issue",
			"type": "pdf",
			"pageLayout": {
				"pageSize": "A4",
				 "marginLeft": 12,
				 "marginRight": 12,
				 "marginTop": 10,
				 "marginBottom":20
			 }
		},
		{
			"displayName": "Players Health - Master Application Template KY",
			"fileName": "PlayersHealthMasterApplicationTemplateKY.pdf",
			"templateName": "PlayersHealthMasterApplicationTemplateKY.template.liquid",
			"generatingEvent": "issue",
			"type": "pdf",
			"pageLayout": {
				"pageSize": "A4",
				 "marginLeft": 12,
				 "marginRight": 12,
				 "marginTop": 10,
				 "marginBottom":20
			 }
		},
			{
			"displayName": "Players Health - Master Application Template LA",
			"fileName": "PlayersHealthMasterApplicationTemplateLA.pdf",
			"templateName": "PlayersHealthMasterApplicationTemplateLA.template.liquid",
			"generatingEvent": "issue",
			"type": "pdf",
			"pageLayout": {
				"pageSize": "A4",
				 "marginLeft": 12,
				 "marginRight": 12,
				 "marginTop": 10,
				 "marginBottom":20
			 }
		},
			{
			"displayName": "Players Health - Master Application Template MD",
			"fileName": "PlayersHealthMasterApplicationTemplateMD.pdf",
			"templateName": "PlayersHealthMasterApplicationTemplateMD.template.liquid",
			"generatingEvent": "issue",
			"type": "pdf",
			"pageLayout": {
				"pageSize": "A4",
				 "marginLeft": 12,
				 "marginRight": 12,
				 "marginTop": 10,
				 "marginBottom":20
			 }
		},
			{
			"displayName": "Players Health - Master Application Template NC",
			"fileName": "PlayersHealthMasterApplicationTemplateNC.pdf",
			"templateName": "PlayersHealthMasterApplicationTemplateNC.template.liquid",
			"generatingEvent": "issue",
			"type": "pdf",
			"pageLayout": {
				"pageSize": "A4",
				 "marginLeft": 12,
				 "marginRight": 12,
				 "marginTop": 10,
				 "marginBottom":20
			 }
		},
		{
			"displayName": "Players Health - Master Application Template OK",
			"fileName": "PlayersHealthMasterApplicationTemplateOK.pdf",
			"templateName": "PlayersHealthMasterApplicationTemplateOK.template.liquid",
			"generatingEvent": "issue",
			"type": "pdf",
			"pageLayout": {
				"pageSize": "A4",
				 "marginLeft": 12,
				 "marginRight": 12,
				 "marginTop": 10,
				 "marginBottom":20
			 }
		},
		{
			"displayName": "Players Health - Master Application Template SD",
			"fileName": "PlayersHealthMasterApplicationTemplateSD.pdf",
			"templateName": "PlayersHealthMasterApplicationTemplateSD.template.liquid",
			"generatingEvent": "issue",
			"type": "pdf",
			"pageLayout": {
				"pageSize": "A4",
				 "marginLeft": 12,
				 "marginRight": 12,
				 "marginTop": 10,
				 "marginBottom":20
			 }
		},
			{
			"displayName": "Players Health - Master Application Template TN",
			"fileName": "PlayersHealthMasterApplicationTemplateTN.pdf",
			"templateName": "PlayersHealthMasterApplicationTemplateTN.template.liquid",
			"generatingEvent": "issue",
			"type": "pdf",
			"pageLayout": {
				"pageSize": "A4",
				 "marginLeft": 12,
				 "marginRight": 12,
				 "marginTop": 10,
				 "marginBottom":20
			 }
		},
			{
			"displayName": "Players Health - Master Application Template TX",
			"fileName": "PlayersHealthMasterApplicationTemplateTX.pdf",
			"templateName": "PlayersHealthMasterApplicationTemplateTX.template.liquid",
			"generatingEvent": "issue",
			"type": "pdf",
			"pageLayout": {
				"pageSize": "A4",
				 "marginLeft": 12,
				 "marginRight": 12,
				 "marginTop": 10,
				 "marginBottom":20
			 }
		},
			{
			"displayName": "Players Health - Master Application Template UT",
			"fileName": "PlayersHealthMasterApplicationTemplateUT.pdf",
			"templateName": "PlayersHealthMasterApplicationTemplateUT.template.liquid",
			"generatingEvent": "issue",
			"type": "pdf",
			"pageLayout": {
				"pageSize": "A4",
				 "marginLeft": 12,
				 "marginRight": 12,
				 "marginTop": 10,
				 "marginBottom":20
			 }
		},
			{
			"displayName": "Players Health - Master Application Template VA",
			"fileName": "PlayersHealthMasterApplicationTemplateVA.pdf",
			"templateName": "PlayersHealthMasterApplicationTemplateVA.template.liquid",
			"generatingEvent": "issue",
			"type": "pdf",
		
		"pageLayout": {
			"pageSize": "A4",
			 "marginLeft": 12,
			 "marginRight": 12,
			 "marginTop": 10,
			 "marginBottom":20
		}
	},

		{
			"displayName": "Players Health - Master Application Template VT",
			"fileName": "PlayersHealthMasterApplicationTemplateVT.pdf",
			"templateName": "PlayersHealthMasterApplicationTemplateVT.template.liquid",
			"generatingEvent": "issue",
			"type": "pdf",
			"pageLayout": {
				"pageSize": "A4",
				 "marginLeft": 12,
				 "marginRight": 12,
				 "marginTop": 10,
				 "marginBottom":20
			 }
		},
		{
			"displayName": "Players Health Blanket Accident Medical Policy -  AK",
			"fileName": "PlayersHealthBlanketAccidentMedicalPolicyAK.pdf",
			"templateName": "PlayersHealthBlanketAccidentMedicalPolicyAK.template.liquid",
			"generatingEvent": "issue",
			"type": "pdf",
			"pageLayout": {
                "pageSize": "A4",
                 "marginLeft": 19,
                 "marginRight": 17,
                 "marginTop": 12,
                 "marginBottom":20

             }
		},
		{
			"displayName": "Players Health Blanket Accident Medical Policy - AL",
			"fileName": "PlayersHealthBlanketAccidentMedicalPolicyAL.pdf",
			"templateName": "PlayersHealthBlanketAccidentMedicalPolicyAL.template.liquid",
			"generatingEvent": "issue",
			"type": "pdf",
			"pageLayout": {
                "pageSize": "A4",
                 "marginLeft": 19,
                 "marginRight": 17,
                 "marginTop": 12,
                 "marginBottom":20

             }
		},
		{
			"displayName": "Players Health Blanket Accident Medical Policy - AR",
			"fileName": "PlayersHealthBlanketAccidentMedicalPolicyAR.pdf",
			"templateName": "PlayersHealthBlanketAccidentMedicalPolicyAR.template.liquid",
			"generatingEvent": "issue",
			"pageLayout": {
                "pageSize": "A4",
                 "marginLeft": 19,
                 "marginRight": 17,
                 "marginTop": 12,
                 "marginBottom":20

             }
		},
		{
			"displayName": "Players Health Blanket Accident Medical Policy - AZ",
			"fileName": "PlayersHealthBlanketAccidentMedicalPolicyAZ.pdf",
			"templateName": "PlayersHealthBlanketAccidentMedicalPolicyAZ.template.liquid",
			"generatingEvent": "issue",
			"pageLayout": {
                "pageSize": "A4",
                 "marginLeft": 19,
                 "marginRight": 17,
                 "marginTop": 12,
                 "marginBottom":20

             }
		},
		{
			"displayName": "Players Health Blanket Accident Medical Policy - CA",
			"fileName": "PlayersHealthBlanketAccidentMedicalPolicyCA.pdf",
			"templateName": "PlayersHealthBlanketAccidentMedicalPolicyCA.template.liquid",
			"generatingEvent": "issue",
			"pageLayout": {
                "pageSize": "A4",
                 "marginLeft": 19,
                 "marginRight": 17,
                 "marginTop": 12,
                 "marginBottom":20

             }
		},
		{
			"displayName": "Players Health Blanket Accident Medical Policy - CO",
			"fileName": "PlayersHealthBlanketAccidentMedicalPolicyCO.pdf",
			"templateName": "PlayersHealthBlanketAccidentMedicalPolicyCO.template.liquid",
			"generatingEvent": "issue",
			"type": "pdf",
			"pageLayout": {

                "pageSize": "A4",

                 "marginLeft": 19,

                 "marginRight": 17,

                 "marginTop": 12,

                 "marginBottom":20



             }
		},
		{
			"displayName": "Players Health Blanket Accident Medical Policy - CT",
			"fileName": "PlayersHealthBlanketAccidentMedicalPolicyCT.pdf",
			"templateName": "PlayersHealthBlanketAccidentMedicalPolicyCT.template.liquid",
			"generatingEvent": "issue",
			"type": "pdf",
			"pageLayout": {

                "pageSize": "A4",

                 "marginLeft": 19,

                 "marginRight": 17,

                 "marginTop": 12,

                 "marginBottom":20



             }
		},
		{
			"displayName": "Players Health Blanket Accident Medical Policy - DC",
			"fileName": "PlayersHealthBlanketAccidentMedicalPolicyDC.pdf",
			"templateName": "PlayersHealthBlanketAccidentMedicalPolicyDC.template.liquid",
			"generatingEvent": "issue",
			"type": "pdf",
			"pageLayout": {

                "pageSize": "A4",

                 "marginLeft": 19,

                 "marginRight": 17,

                 "marginTop": 12,

                 "marginBottom":20



             }
		},
		{
			"displayName": "Players Health Blanket Accident Medical Policy - DE",
			"fileName": "PlayersHealthBlanketAccidentMedicalPolicyDE.pdf",
			"templateName": "PlayersHealthBlanketAccidentMedicalPolicyDE.template.liquid",
			"generatingEvent": "issue",
			"type": "pdf",
			"pageLayout": {

                "pageSize": "A4",

                 "marginLeft": 19,

                 "marginRight": 17,

                 "marginTop": 12,

                 "marginBottom":20



             }
		},
		{
			"displayName": "Players Health Blanket Accident Medical Policy - FL",
			"fileName": "PlayersHealthBlanketAccidentMedicalPolicyFL.pdf",
			"templateName": "PlayersHealthBlanketAccidentMedicalPolicyFL.template.liquid",
			"generatingEvent": "issue",
			"type": "pdf",
			"pageLayout": {
                "pageSize": "A4",
                 "marginLeft": 19,
                 "marginRight": 17,
                 "marginTop": 12,
                 "marginBottom":20

             }
		},
		{
			"displayName": "Players Health Blanket Accident Medical Policy - GA",
			"fileName": "PlayersHealthBlanketAccidentMedicalPolicyGA.pdf",
			"templateName": "PlayersHealthBlanketAccidentMedicalPolicyGA.template.liquid",
			"generatingEvent": "issue",
			"type": "pdf",
			"pageLayout": {
                "pageSize": "A4",
                 "marginLeft": 19,
                 "marginRight": 17,
                 "marginTop": 12,
                 "marginBottom":20

             }
		},
		{
			"displayName": "Players Health Blanket Accident Medical Policy - HI",
			"fileName": "PlayersHealthBlanketAccidentMedicalPolicyHI.pdf",
			"templateName": "PlayersHealthBlanketAccidentMedicalPolicyHI.template.liquid",
			"generatingEvent": "issue",
			"type": "pdf",
			"pageLayout": {
                "pageSize": "A4",
                 "marginLeft": 19,
                 "marginRight": 17,
                 "marginTop": 12,
                 "marginBottom":20

             }
		},
		{
			"displayName": "Players Health Blanket Accident Medical Policy - IA",
			"fileName": "PlayersHealthBlanketAccidentMedicalPolicyIA.pdf",
			"templateName": "PlayersHealthBlanketAccidentMedicalPolicyIA.template.liquid",
			"generatingEvent": "issue",
			"type": "pdf",
			"pageLayout": {
                "pageSize": "A4",
                 "marginLeft": 19,
                 "marginRight": 17,
                 "marginTop": 12,
                 "marginBottom":20

             }
		},
		{
			"displayName": "Players Health Blanket Accident Medical Policy - IL",
			"fileName": "PlayersHealthBlanketAccidentMedicalPolicyIL.pdf",
			"templateName": "PlayersHealthBlanketAccidentMedicalPolicyIL.template.liquid",
			"generatingEvent": "issue",
			"type": "pdf",
			"pageLayout": {
                "pageSize": "A4",
                 "marginLeft": 19,
                 "marginRight": 17,
                 "marginTop": 12,
                 "marginBottom":20

             }
		},
		{
			"displayName": "Players Health Blanket Accident Medical Policy - IN",
			"fileName": "PlayersHealthBlanketAccidentMedicalPolicyIN.pdf",
			"templateName": "PlayersHealthBlanketAccidentMedicalPolicyIN.template.liquid",
			"generatingEvent": "issue",
			"type": "pdf",
			"pageLayout": {
                "pageSize": "A4",
                 "marginLeft": 19,
                 "marginRight": 17,
                 "marginTop": 12,
                 "marginBottom":20

             }
		},
		{
			"displayName": "Players Health Blanket Accident Medical Policy - KS",
			"fileName": "PlayersHealthBlanketAccidentMedicalPolicyKS.pdf",
			"templateName": "PlayersHealthBlanketAccidentMedicalPolicyKS.template.liquid",
			"generatingEvent": "issue",
			"type": "pdf",
			"pageLayout": {
                "pageSize": "A4",
                 "marginLeft": 19,
                 "marginRight": 17,
                 "marginTop": 12,
                 "marginBottom":20

             }
		},
		{
			"displayName": "Players Health Blanket Accident Medical Policy - KY",
			"fileName": "PlayersHealthBlanketAccidentMedicalPolicyKY.pdf",
			"templateName": "PlayersHealthBlanketAccidentMedicalPolicyKY.template.liquid",
			"generatingEvent": "issue",
			"pageLayout": {
                "pageSize": "A4",
                 "marginLeft": 19,
                 "marginRight": 17,
                 "marginTop": 12,
                 "marginBottom":20

             }
		},
		{
			"displayName": "Players Health Blanket Accident Medical Policy - LA",
			"fileName": "PlayersHealthBlanketAccidentMedicalPolicyLA.pdf",
			"templateName": "PlayersHealthBlanketAccidentMedicalPolicyLA.template.liquid",
			"generatingEvent": "issue",
			"type": "pdf",
			"pageLayout": {
                "pageSize": "A4",
                 "marginLeft": 19,
                 "marginRight": 17,
                 "marginTop": 12,
                 "marginBottom":20

             }
		},
		{
			"displayName": "Players Health Blanket Accident Medical Policy - MA",
			"fileName": "PlayersHealthBlanketAccidentMedicalPolicyMA.pdf",
			"templateName": "PlayersHealthBlanketAccidentMedicalPolicyMA.template.liquid",
			"generatingEvent": "issue",
			"pageLayout": {
                "pageSize": "A4",
                 "marginLeft": 19,
                 "marginRight": 17,
                 "marginTop": 12,
                 "marginBottom":20

             }
		},
		{
			"displayName": "Players Health Blanket Accident Medical Policy - MD",
			"fileName": "PlayersHealthBlanketAccidentMedicalPolicyMD.pdf",
			"templateName": "PlayersHealthBlanketAccidentMedicalPolicyMD.template.liquid",
			"generatingEvent": "issue",
			"type": "pdf",
			"pageLayout": {

                "pageSize": "A4",

                 "marginLeft": 19,

                 "marginRight": 17,

                 "marginTop": 12,

                 "marginBottom":20



             }
		},
		{
			"displayName": "Players Health Blanket Accident Medical Policy - MI",
			"fileName": "PlayersHealthBlanketAccidentMedicalPolicyMI.pdf",
			"templateName": "PlayersHealthBlanketAccidentMedicalPolicyMI.template.liquid",
			"generatingEvent": "issue",
			"pageLayout": {
                "pageSize": "A4",
                 "marginLeft": 19,
                 "marginRight": 17,
                 "marginTop": 12,
                 "marginBottom":20

             }
		},
		{
			"displayName": "Players Health Blanket Accident Medical Policy - MN",
			"fileName": "PlayersHealthBlanketAccidentMedicalPolicyMN.pdf",
			"templateName": "PlayersHealthBlanketAccidentMedicalPolicyMN.template.liquid",
			"generatingEvent": "issue",
			"pageLayout": {
                "pageSize": "A4",
                 "marginLeft": 19,
                 "marginRight": 17,
                 "marginTop": 12,
                 "marginBottom":20

             }
		},
		{
			"displayName": "Players Health Blanket Accident Medical Policy - MO",
			"fileName": "PlayersHealthBlanketAccidentMedicalPolicyMO.pdf",
			"templateName": "PlayersHealthBlanketAccidentMedicalPolicyMO.template.liquid",
			"generatingEvent": "issue",
			"type": "pdf",
			"pageLayout": {

                "pageSize": "A4",

                 "marginLeft": 19,

                 "marginRight": 17,

                 "marginTop": 12,

                 "marginBottom":20



             }
		},
		{
			"displayName": "Players Health Blanket Accident Medical Policy - MS",
			"fileName": "PlayersHealthBlanketAccidentMedicalPolicyMS.pdf",
			"templateName": "PlayersHealthBlanketAccidentMedicalPolicyMS.template.liquid",
			"generatingEvent": "issue",
			"type": "pdf",
			"pageLayout": {

                "pageSize": "A4",

                 "marginLeft": 19,

                 "marginRight": 17,

                 "marginTop": 12,

                 "marginBottom":20



             }
		},
		{
			"displayName": "Players Health Blanket Accident Medical Policy - MT",
			"fileName": "PlayersHealthBlanketAccidentMedicalPolicyMT.pdf",
			"templateName": "PlayersHealthBlanketAccidentMedicalPolicyMT.template.liquid",
			"generatingEvent": "issue",
			"type": "pdf",
			"pageLayout": {

                "pageSize": "A4",

                 "marginLeft": 19,

                 "marginRight": 17,

                 "marginTop": 12,

                 "marginBottom":20



             }
		},
		{
			"displayName": "Players Health Blanket Accident Medical Policy - NC",
			"fileName": "PlayersHealthBlanketAccidentMedicalPolicyNC.pdf",
			"templateName": "PlayersHealthBlanketAccidentMedicalPolicyNC.template.liquid",
			"generatingEvent": "issue",
			"type": "pdf",
			"pageLayout": {

                "pageSize": "A4",

                 "marginLeft": 19,

                 "marginRight": 17,

                 "marginTop": 12,

                 "marginBottom":20



             }
		},
		{
			"displayName": "Players Health Blanket Accident Medical Policy - ND",
			"fileName": "PlayersHealthBlanketAccidentMedicalPolicyND.pdf",
			"templateName": "PlayersHealthBlanketAccidentMedicalPolicyND.template.liquid",
			"generatingEvent": "issue",
			"type": "pdf",
			"pageLayout": {

                "pageSize": "A4",

                 "marginLeft": 19,

                 "marginRight": 17,

                 "marginTop": 12,

                 "marginBottom":20



             }
		},
		{
			"displayName": "Players Health Blanket Accident Medical Policy - NE",
			"fileName": "PlayersHealthBlanketAccidentMedicalPolicyNE.pdf",
			"templateName": "PlayersHealthBlanketAccidentMedicalPolicyNE.template.liquid",
			"generatingEvent": "issue",
			"type": "pdf",
			"pageLayout": {

                "pageSize": "A4",

                 "marginLeft": 19,

                 "marginRight": 17,

                 "marginTop": 12,

                 "marginBottom":20



             }
		},
		{
			"displayName": "Players Health Blanket Accident Medical Policy - NV",
			"fileName": "PlayersHealthBlanketAccidentMedicalPolicyNV.pdf",
			"templateName": "PlayersHealthBlanketAccidentMedicalPolicyNV.template.liquid",
			"generatingEvent": "issue",
			"type": "pdf",
			"pageLayout": {
                "pageSize": "A4",
                 "marginLeft": 19,
                 "marginRight": 17,
                 "marginTop": 12,
                 "marginBottom":20

             }
		},
		{
			"displayName": "Players Health Blanket Accident Medical Policy - OH",
			"fileName": "PlayersHealthBlanketAccidentMedicalPolicyOH.pdf",
			"templateName": "PlayersHealthBlanketAccidentMedicalPolicyOH.template.liquid",
			"generatingEvent": "issue",
			"type": "pdf",
			"pageLayout": {
                "pageSize": "A4",
                 "marginLeft": 19,
                 "marginRight": 17,
                 "marginTop": 12,
                 "marginBottom":20

             }
		},
		{
			"displayName": "Players Health Blanket Accident Medical Policy - OK",
			"fileName": "PlayersHealthBlanketAccidentMedicalPolicyOK.pdf",
			"templateName": "PlayersHealthBlanketAccidentMedicalPolicyOK.template.liquid",
			"generatingEvent": "issue",
			"type": "pdf",
			"pageLayout": {
                "pageSize": "A4",
                 "marginLeft": 19,
                 "marginRight": 17,
                 "marginTop": 12,
                 "marginBottom":20

             }
		},
		{
			"displayName": "Players Health Blanket Accident Medical Policy - PA",
			"fileName": "PlayersHealthBlanketAccidentMedicalPolicyPA.pdf",
			"templateName": "PlayersHealthBlanketAccidentMedicalPolicyPA.template.liquid",
			"generatingEvent": "issue",
			"pageLayout": {
                "pageSize": "A4",
                 "marginLeft": 19,
                 "marginRight": 17,
                 "marginTop": 12,
                 "marginBottom":20

             }
		},
		{
			"displayName": "Players Health Blanket Accident Medical Policy - RI",
			"fileName": "PlayersHealthBlanketAccidentMedicalPolicyRI.pdf",
			"templateName": "PlayersHealthBlanketAccidentMedicalPolicyRI.template.liquid",
			"generatingEvent": "issue",
			"pageLayout": {
                "pageSize": "A4",
                 "marginLeft": 19,
                 "marginRight": 17,
                 "marginTop": 12,
                 "marginBottom":20

             }
		},
		{
			"displayName": "Players Health Blanket Accident Medical Policy - SC",
			"fileName": "PlayersHealthBlanketAccidentMedicalPolicySC.pdf",
			"templateName": "PlayersHealthBlanketAccidentMedicalPolicySC.template.liquid",
			"generatingEvent": "issue",
			"pageLayout": {
                "pageSize": "A4",
                 "marginLeft": 19,
                 "marginRight": 17,
                 "marginTop": 12,
                 "marginBottom":20

             }
		},
		{
			"displayName": "Players Health Blanket Accident Medical Policy - SD",
			"fileName": "PlayersHealthBlanketAccidentMedicalPolicySD.pdf",
			"templateName": "PlayersHealthBlanketAccidentMedicalPolicySD.template.liquid",
			"generatingEvent": "issue",
			"pageLayout": {
                "pageSize": "A4",
                 "marginLeft": 19,
                 "marginRight": 17,
                 "marginTop": 12,
                 "marginBottom":20

             }
		},
		{
			"displayName": "Players Health Blanket Accident Medical Policy - TN",
			"fileName": "PlayersHealthBlanketAccidentMedicalPolicyTN.pdf",
			"templateName": "PlayersHealthBlanketAccidentMedicalPolicyTN.template.liquid",
			"generatingEvent": "issue",
			"pageLayout": {
                "pageSize": "A4",
                 "marginLeft": 19,
                 "marginRight": 17,
                 "marginTop": 12,
                 "marginBottom":20

             }
		},
		{
			"displayName": "Players Health Blanket Accident Medical Policy - TX",
			"fileName": "PlayersHealthBlanketAccidentMedicalPolicyTX.pdf",
			"templateName": "PlayersHealthBlanketAccidentMedicalPolicyTX.template.liquid",
			"generatingEvent": "issue",
			"pageLayout": {
                "pageSize": "A4",
                 "marginLeft": 19,
                 "marginRight": 17,
                 "marginTop": 12,
                 "marginBottom":20

             }
		},
		{
			"displayName": "Players Health Blanket Accident Medical Policy - UT",
			"fileName": "PlayersHealthBlanketAccidentMedicalPolicyUT.pdf",
			"templateName": "PlayersHealthBlanketAccidentMedicalPolicyUT.template.liquid",
			"generatingEvent": "issue",
			"type": "pdf",
			"pageLayout": {
                "pageSize": "A4",
                 "marginLeft": 19,
                 "marginRight": 17,
                 "marginTop": 12,
                 "marginBottom":20

             }
		},
		{
			"displayName": "Players Health Blanket Accident Medical Policy - VA",
			"fileName": "PlayersHealthBlanketAccidentMedicalPolicyVA.pdf",
			"templateName": "PlayersHealthBlanketAccidentMedicalPolicyVA.template.liquid",
			"generatingEvent": "issue",
			"pageLayout": {
                "pageSize": "A4",
                 "marginLeft": 19,
                 "marginRight": 17,
                 "marginTop": 12,
                 "marginBottom":20

             }
		},
		{
			"displayName": "Players Health Blanket Accident Medical Policy - VT",
			"fileName": "PlayersHealthBlanketAccidentMedicalPolicyVT.pdf",
			"templateName": "PlayersHealthBlanketAccidentMedicalPolicyVT.template.liquid",
			"generatingEvent": "issue",
			"pageLayout": {
                "pageSize": "A4",
                 "marginLeft": 19,
                 "marginRight": 17,
                 "marginTop": 12,
                 "marginBottom":20

             }
		},

		{
			"displayName": "Players Health Blanket Accident Medical Policy - WI",
			"fileName": "PlayersHealthBlanketAccidentMedicalPolicyWI.pdf",
			"templateName": "PlayersHealthBlanketAccidentMedicalPolicyWI.template.liquid",
			"generatingEvent": "issue",
			"pageLayout": {
                "pageSize": "A4",
                 "marginLeft": 19,
                 "marginRight": 17,
                 "marginTop": 12,
                 "marginBottom":20

             }
		},
		{
			"displayName": "Players Health Blanket Accident Medical Policy - WV",
			"fileName": "PlayersHealthBlanketAccidentMedicalPolicyWV.pdf",
			"templateName": "PlayersHealthBlanketAccidentMedicalPolicyWV.template.liquid",
			"generatingEvent": "issue",
			"pageLayout": {
                "pageSize": "A4",
                 "marginLeft": 19,
                 "marginRight": 17,
                 "marginTop": 12,
                 "marginBottom":20

             }
		},
		{
			"displayName": "Players Health Blanket Accident Medical Policy - WY",
			"fileName": "PlayersHealthBlanketAccidentMedicalPolicyWY.pdf",
			"templateName": "PlayersHealthBlanketAccidentMedicalPolicyWY.template.liquid",
			"generatingEvent": "issue",
			"pageLayout": {
                "pageSize": "A4",
                 "marginLeft": 19,
                 "marginRight": 17,
                 "marginTop": 12,
                 "marginBottom":20

             }
		},
		{
			"displayName": "Players Health - Certificate Template CA",
			"fileName": "PlayersHealthCertificateTemplateCA.pdf",
			"templateName": "PlayersHealthCertificateTemplateCA.template.liquid",
			"generatingEvent": "issue",
			"type": "pdf",
			"pageLayout": {
                "pageSize": "A4",
                 "marginLeft": 12,
                 "marginRight": 12,
                 "marginTop": 10,
                 "marginBottom":20
            }
		},
		{
			"displayName": "Players Health - Certificate Template CT",
			"fileName": "PlayersHealthCertificateTemplateCT.pdf",
			"templateName": "PlayersHealthCertificateTemplateCT.template.liquid",
			"generatingEvent": "issue",
			"pageLayout": {
                "pageSize": "A4",
                 "marginLeft": 12,
                 "marginRight": 12,
                 "marginTop": 10,
                 "marginBottom":20
            }
		
		},
		{
			"displayName": "Players Health - Certificate Template DC",
			"fileName": "PlayersHealthCertificateTemplateDC.pdf",
			"templateName": "PlayersHealthCertificateTemplateDC.template.liquid",
			"generatingEvent": "issue",
			"type": "pdf",
			"pageLayout": {
                "pageSize": "A4",
                 "marginLeft": 19,
                 "marginRight": 17,
                 "marginTop": 12,
                 "marginBottom":20

             }
		},
		{
			"displayName": "Players Health - Certificate Template FL",
			"fileName": "PlayersHealthCertificateTemplateFL.pdf",
			"templateName": "PlayersHealthCertificateTemplateFL.template.liquid",
			"generatingEvent": "issue",
			"type": "pdf",
			"pageLayout": {
                "pageSize": "A4",
                 "marginLeft": 19,
                 "marginRight": 17,
                 "marginTop": 12,
                 "marginBottom":20

             }
		},
		{
			"displayName": "Players Health - Certificate Template IN",
			"fileName": "PlayersHealthCertificateTemplateIN.pdf",
			"templateName": "PlayersHealthCertificateTemplateIN.template.liquid",
			"generatingEvent": "issue",
			"type": "pdf",
			"pageLayout": {
                "pageSize": "A4",
                 "marginLeft": 19,
                 "marginRight": 17,
                 "marginTop": 12,
                 "marginBottom":20

             }
		},
		{
			"displayName": "Players Health - Certificate Template KS",
			"fileName": "PlayersHealthCertificateTemplateKS.pdf",
			"templateName": "PlayersHealthCertificateTemplateKS.template.liquid",
			"generatingEvent": "issue",
			"type": "pdf",
			"pageLayout": {
                "pageSize": "A4",
                 "marginLeft": 19,
                 "marginRight": 17,
                 "marginTop": 12,
                 "marginBottom":20
             }
		},
		{
			"displayName": "Players Health - Certificate Template LA",
			"fileName": "PlayersHealthCertificateTemplateLA.pdf",
			"templateName": "PlayersHealthCertificateTemplateLA.template.liquid",
			"generatingEvent": "issue",
			"type": "pdf",
			"pageLayout": {
                "pageSize": "A4",
                 "marginLeft": 19,
                 "marginRight": 17,
                 "marginTop": 12,
                 "marginBottom":20

             }
		},
		{
			"displayName": "Players Health - Certificate Template MO",
			"fileName": "PlayersHealthCertificateTemplateMO.pdf",
			"templateName": "PlayersHealthCertificateTemplateMO.template.liquid",
			"generatingEvent": "issue",
			"type": "pdf",
			"pageLayout": {
                "pageSize": "A4",
                 "marginLeft": 12,
                 "marginRight": 12,
                 "marginTop": 10,
                 "marginBottom":20
            }
		},
		{
			"displayName": "Players Health - Certificate Template NC",
			"fileName": "PlayersHealthCertificateTemplateNC.pdf",
			"templateName": "PlayersHealthCertificateTemplateNC.template.liquid",
			"generatingEvent": "issue",
			"type": "pdf",
			"pageLayout": {
                "pageSize": "A4",
                 "marginLeft": 19,
                 "marginRight": 17,
                 "marginTop": 12,
                 "marginBottom":20

             }
		},
		{
			"displayName": "Players Health - Certificate Template VA",
			"fileName": "PlayersHealthCertificateTemplateVA.pdf",
			"templateName": "PlayersHealthCertificateTemplateVA.template.liquid",
			"generatingEvent": "issue",
			"type": "pdf",
			"pageLayout": {
                "pageSize": "A4",
                 "marginLeft": 12,
                 "marginRight": 12,
                 "marginTop": 10,
                 "marginBottom":20
            }
		},
		{
			"displayName": "Players Health - Outline Of Coverage Template UT",
			"fileName": "PlayersHealthOutlineOfCoverageTemplateUT.pdf",
			"templateName": "PlayersHealthOutlineOfCoverageTemplateUT.template.liquid",
			"generatingEvent": "issue",
			"type": "pdf",
			"pageLayout": {

                "pageSize": "A4",

                 "marginLeft": 19,

                 "marginRight": 17,

                 "marginTop": 12,

                 "marginBottom":20



             }
		},
		{
			"displayName": "Sirius America Notice of Privacy Rights",
			"fileName": "SiriusAmericaNoticeofPrivacyRights.pdf",
			"templateName": "SiriusAmericaNoticeofPrivacyRights.template.liquid",
			"generatingEvent": "issue",
			"type": "pdf"
		},
		{
			"displayName": "OFAC Notice.pdf",
			"fileName": "OFACNotice.pdf",
			"templateName": "OFACNotice.template.liquid",
			"generatingEvent": "issue",
			"type": "pdf"
		},
		{
			"displayName": "AK Guaranty Notice",
			"fileName": "AKGuarantyNotice.pdf",
			"templateName": "AKGuarantyNotice.template.liquid",
			"generatingEvent": "issue",
			"type": "pdf"
		},
		{
			"displayName": "AR Guaranty Notice",
			"fileName": "ARGuarantyNotice.pdf",
			"templateName": "ARGuarantyNotice.template.liquid",
			"generatingEvent": "issue",
			"type": "pdf"
		},
		{
			"displayName": "CA Guaranty Notice",
			"fileName": "CAGuarantyNotice.pdf",
			"templateName": "CAGuarantyNotice.template.liquid",
			"generatingEvent": "issue",
			"type": "pdf"
		},
		{
			"displayName": "CO Guaranty Notice",
			"fileName": "COGuarantyNotice.pdf",
			"templateName": "COGuarantyNotice.template.liquid",
			"generatingEvent": "issue",
			"type": "pdf"
		},
		{
			"displayName": "DC Guaranty Notice",
			"fileName": "DCGuarantyNotice.pdf",
			"templateName": "DCGuarantyNotice.template.liquid",
			"generatingEvent": "issue",
			"type": "pdf"
		},
		{
			"displayName": "HI Guaranty Notice",
			"fileName": "HIGuarantyNotice.pdf",
			"templateName": "HIGuarantyNotice.template.liquid",
			"generatingEvent": "issue",
			"type": "pdf"
		},
		{
			"displayName": "IA Guaranty Notice",
			"fileName": "IAGuarantyNotice.pdf",
			"templateName": "IAGuarantyNotice.template.liquid",
			"generatingEvent": "issue",
			"type": "pdf"
		},
		{
			"displayName": "ID Guaranty Notice",
			"fileName": "IDGuarantyNotice.pdf",
			"templateName": "IDGuarantyNotice.template.liquid",
			"generatingEvent": "issue",
			"type": "pdf"
		},
		{
			"displayName": "IL Guaranty Notice",
			"fileName": "ILGuarantyNotice.pdf",
			"templateName": "ILGuarantyNotice.template.liquid",
			"generatingEvent": "issue",
			"type": "pdf"
		},
		{
			"displayName": "IN Guaranty Notice",
			"fileName": "INGuarantyNotice.pdf",
			"templateName": "INGuarantyNotice.template.liquid",
			"generatingEvent": "issue",
			"type": "pdf"
		},
		{
			"displayName": "KS Guaranty Notice",
			"fileName": "KSGuarantyNotice.pdf",
			"templateName": "KSGuarantyNotice.template.liquid",
			"generatingEvent": "issue",
			"type": "pdf"
		},
		{
			"displayName": "LA Guaranty Notice",
			"fileName": "LAGuarantyNotice.pdf",
			"templateName": "LAGuarantyNotice.template.liquid",
			"generatingEvent": "issue",
			"type": "pdf"
		},
		{
			"displayName": "MD Guaranty Notice",
			"fileName": "MDGuarantyNotice.pdf",
			"templateName": "MDGuarantyNotice.template.liquid",
			"generatingEvent": "issue",
			"type": "pdf"
		},
		{
			"displayName": "MI Guaranty Notice",
			"fileName": "MIGuarantyNotice.pdf",
			"templateName": "MIGuarantyNotice.template.liquid",
			"generatingEvent": "issue",
			"type": "pdf"
		},
		{
			"displayName": "MN Guaranty Notice",
			"fileName": "MNGuarantyNotice.pdf",
			"templateName": "MNGuarantyNotice.template.liquid",
			"generatingEvent": "issue",
			"type": "pdf"
		},
		{
			"displayName": "MO Guaranty Notice",
			"fileName": "MOGuarantyNotice.pdf",
			"templateName": "MOGuarantyNotice.template.liquid",
			"generatingEvent": "issue",
			"type": "pdf"
		},
		{
			"displayName": "MS Guaranty Notice",
			"fileName": "MSGuarantyNotice.pdf",
			"templateName": "MSGuarantyNotice.template.liquid",
			"generatingEvent": "issue",
			"type": "pdf"
		},
		{
			"displayName": "MT Guaranty Notice",
			"fileName": "MTGuarantyNotice.pdf",
			"templateName": "MTGuarantyNotice.template.liquid",
			"generatingEvent": "issue",
			"type": "pdf"
		},
		{
			"displayName": "NC Guaranty Notice",
			"fileName": "NCGuarantyNotice.pdf",
			"templateName": "NCGuarantyNotice.template.liquid",
			"generatingEvent": "issue",
			"type": "pdf"
		},
		{
			"displayName": "ND Guaranty Notice",
			"fileName": "NDGuarantyNotice.pdf",
			"templateName": "NDGuarantyNotice.template.liquid",
			"generatingEvent": "issue",
			"type": "pdf"
		},
		{
			"displayName": "NH Guaranty Notice",
			"fileName": "NHGuarantyNotice.pdf",
			"templateName": "NHGuarantyNotice.template.liquid",
			"generatingEvent": "issue",
			"type": "pdf"
		},
		{
			"displayName": "NJ Guaranty Notice",
			"fileName": "NJGuarantyNotice.pdf",
			"templateName": "NJGuarantyNotice.template.liquid",
			"generatingEvent": "issue",
			"type": "pdf"
		},
		{
			"displayName": "NM Guaranty Notice",
			"fileName": "NMGuarantyNotice.pdf",
			"templateName": "NMGuarantyNotice.template.liquid",
			"generatingEvent": "issue",
			"type": "pdf"
		},
		{
			"displayName": "NV Guaranty Notice",
			"fileName": "NVGuarantyNotice.pdf",
			"templateName": "NVGuarantyNotice.template.liquid",
			"generatingEvent": "issue",
			"type": "pdf"
		},
		{
			"displayName": "OK Guaranty Notice",
			"fileName": "OKGuarantyNotice.pdf",
			"templateName": "OKGuarantyNotice.template.liquid",
			"generatingEvent": "issue",
			"type": "pdf"
		},
		{
			"displayName": "PA Guaranty Notice",
			"fileName": "PAGuarantyNotice.pdf",
			"templateName": "PAGuarantyNotice.template.liquid",
			"generatingEvent": "issue",
			"type": "pdf"
		},
		{
			"displayName": "RI Guaranty Notice",
			"fileName": "RIGuarantyNotice.pdf",
			"templateName": "RIGuarantyNotice.template.liquid",
			"generatingEvent": "issue",
			"type": "pdf"
		},

		{
			"displayName": "SD Guaranty Notice  ",
			"fileName": "SDGuarantyNotice.pdf",
			"templateName": "SDGuarantyNotice.template.liquid",
			"generatingEvent": "issue",
			"type": "pdf"
		},
		{
			"displayName": "TN Guaranty Notice   ",
			"fileName": "TNGuarantyNotice.pdf",
			"templateName": "TNGuarantyNotice.template.liquid",
			"generatingEvent": "issue",
			"type": "pdf"
		},

		{
			"displayName": "TX Guaranty Notice Spanish  ",
			"fileName": "TXGuarantyNoticeSpanish.pdf",
			"templateName": "TXGuarantyNoticeSpanish.template.liquid",
			"generatingEvent": "issue",
			"type": "pdf"
		},
		{
			"displayName": "TX Guaranty Notice",
			"fileName": "TXGuarantyNotice.pdf",
			"templateName": "TXGuarantyNotice.template.liquid",
			"generatingEvent": "issue",
			"type": "pdf"
		},


		{
			"displayName": "UT Guaranty Notice",
			"fileName": "UTGuarantyNotice.pdf",
			"templateName": "UTGuarantyNotice.template.liquid",
			"generatingEvent": "issue",
			"type": "pdf"
		},

		{
			"displayName": "VA Guaranty Notice",
			"fileName": "VAGuarantyNotice.pdf",
			"templateName": "VAGuarantyNotice.template.liquid",
			"generatingEvent": "issue",
			"type": "pdf"
		},

		{
			"displayName": "WA Guaranty Notice Brochure",
			"fileName": "WAGuarantyNoticeBrochure.pdf",
			"templateName": "WAGuarantyNoticeBrochure.template.liquid",
			"generatingEvent": "issue",
			"type": "pdf"
		},



		{
			"displayName": "WV Guaranty Notice ",
			"fileName": "WVGuarantyNotice.pdf",
			"templateName": "WVGuarantyNotice.template.liquid",
			"generatingEvent": "issue",
			"type": "pdf"
		},

		{
			"displayName": "WY Guaranty Notice ",
			"fileName": "WYGuarantyNotice.pdf",
			"templateName": "WYGuarantyNotice.template.liquid",
			"generatingEvent": "issue",
			"type": "pdf"
		},


		{
			"displayName": "BAP COMPLAINT NOTICE WI ",
			"fileName": "BAPCOMPLAINTNOTICEWI.pdf",
			"templateName": "BAPCOMPLAINTNOTICEWI.template.liquid",
			"generatingEvent": "issue",
			"type": "pdf"
		},

		{
			"displayName": "NC Fiduciary Notice ",
			"fileName": "NCFiduciaryNotice.pdf",
			"templateName": "NCFiduciaryNotice.template.liquid",
			"generatingEvent": "issue",
			"type": "pdf"
		},
		{
			"displayName": "Invoice.pdf",
			"fileName": "invoice.pdf",
			"templateName": "invoice.template.liquid",
			"generatingEvent": "issue",
			"type": "pdf",
			"pageLayout":{
			
			"marginBottom":2.0,
			"marginLeft":8.13,
			"marginRight":8.89, 
			"marginTop":8.9
			}
			}
			



	],
	"invoicing": {
		"generatingEvent": "accept"
	},
	"paymentSchedules": [
		{
			"type": "total",
			"name": "Total",
			"displayName": "Total"
		},
		{
			"type": "every_week",
			"name": "Every Week",
			"displayName": "Every Week"
		},
		{
			"type": "every_two_weeks",
			"name": "Every Two Weeks",
			"displayName": "Every Two Weeks"
		},
		{
			"type": "monthly",
			"name": "Monthly",
			"displayName": "Monthly"
		},
		{
			"type": "quarterly",
			"name": "Quarterly",
			"displayName": "Quarterly"
		},
		{
			"type": "semiannually",
			"name": "Semiannually",
			"displayName": "Semiannually"
		},
		{
			"type": "annually",
			"name": "Annually",
			"displayName": "Annually"
		}
	],
	"defaultPaymentTerms": {
		"amount": 15,
		"unit": "day"
	},
	"plugins": {
        "getPostIssuanceResult": {
            "path": "players_health_AH/postIssuance.js",
            "enabled": true
        },
		"getProrationResult": {
			"path": "players_health_AH/prorater.js",
			"enabled": true
		}
    },
	"externalRater": "players_health",
	"fields": [
		{
			"title": "Custom Policy Number",
			"name": "custom_policy_number",
			"type": "string",
			"optional": true,
			"width": 4
		},
		{
			"title": "Policyholder State",
			"name": "policyholder_state",
			"type": "string",
			"optional": true,
			"width": 4
		},
		{
			"title": "Has the Policy been Created or Reviewed by UW?",
			"name": "IsUnderwriter",
			"type": "string",
			"optional": true
		},
		{
			"title": "Is this a Camp/Event only policy?",
			"name": "policy_type",
			"type": "string",
			"optional": true
		},
		{
			"title": "Is Camp/Event Selected",
			"name": "camp_selected",
			"type": "string",
			"optional": true
		},
		{
			"title": "Agency Name",
			"name": "agency_name",
			"type": "string",
			"heading": "Agency Details",
			"optional": true,
			"width": 4
		},
		{
			"title": "Agent Name",
			"name": "agent_name",
			"type": "string",
			"optional": true,
			"width": 4
		},
				{
					"title": "Email ID",
					"type": "string",
					"name": "agency_email_id",
					"optional": true
				},
				{
					"title": "UW Premium Adjustment",
					"name": "uw_premium_adjustment",
					"type": "number",
					"optional": true,
					"heading": "Adjustment"
				},
				{
					"title": "Scheduled Credits and Debits",
					"name": "credits_and_debits",
					"type": "number",
					"optional": true
				},
	{
		"title": "Deductible",
		"name": "deductible",
		"heading": "Exposure Details",
		"type": "select",
		"values": [
			"$0", 
            "$100",
            "$200", 
           "$250",
		   "$500",
           "$1,000",
           "$2,500",
            "$5,000" 

		],
		"optional": true
	},
	{
		"title": "Limit",
		"name": "limit",
		"type": "select",
		"values": [
			"$5,000",
			"$10,000",
			"$15,000",
			"$20,000",
			"$25,000",
			"$30,000",
			"$40,000",
			"$50,000",
			"$75,000",
			"$100,000"
		],
		"optional": true
	},
	{
		"title": "Coverage Type",
		"name": "coverage_type",
		"type": "select",
		"values": [
			"Primary",
			"Excess"
		],
		"optional": true,
		"match": [
			"Primary",
			"Retrieving data. Wait a few seconds and try to cut or copy again."
		]
	},
	{
		"title": "Primary Excess Benefit",
		"name": "primary_excess_benefit",
		"type": "select",
		"values": [
			"$0",
			"$500"
		],
		"optional": true,
		"match": [
			"$0",
			"$50",
			"$100",
			"$150",
			"$200",
			"$250",
			"$300",
			"$350",
			"$400",
			"$450",
			"$500"
		]
	},
	{
		"title": "Percent with Other Medical Coverage",
		"type": "select",
		"values": [
			"0%",
			"25%",
			"50%",
			"75%",
			"100%"
		],
		"name": "percent_with_other_medical_coverage",
		"optional": true
	},
	{
		"title": "Coinsurance",
		"type": "select",
		"values": [
			"10%",
			"25%",
			"40%",
			"50%",
			"55%",
			"60%",
			"65%",
			"70%",
			"75%",
			"80%",
			"85%",
			"90%",
			"95%",
			"100%"
		],
		"name": "coinsurance",
		"optional": true
	},
	{
		"title": "Average Date",
		"name": "average_date",
		"type": "date",
		"precision": "day",
		"optional": true
	  },
	  {
		"title": "Constant Date",
		"name": "constant_date",
		"type": "date",
		"precision": "day",
		"optional": true
	  },
	  {
		"title": "Description for Post New Business Transactions",
		"name": "description_for_post_new_business_transactions",
		"type": "string",
		"multiline" :true,
		"optional": true
	},
	{
		"title": "Length of the Coverage",
		"name": "length_of_coverage",
		"type": "number",
		"optional": true
	},
	{
		"title": "Period",
		"name": "period",
		"type": "select",
		"values": [
			"Days",
			"Weeks",
			"Months"
		],
		"optional": true
	},
	  {
		"title": "Documents",
		"name": "documents",
		"type": "group",
		"fields": [
			{
				"title": "Document Type",
				"name": "document_type",
				"type": "select",
				"values": [
					"Policy docs",
					"Resource docs",
					"Other"
				],
				"width": 6,
				"optional": true
			},
			{
				"title": "Upload File",
				"name": "uploaded_file",
				"type": "media",
				"optional": true,
				"width": 6
			}
		],
		"optional": true,
		"repeatable": true
	}
]
}